<?xml version="1.0" encoding="UTF-8"?>
<project-private xmlns="http://www.netbeans.org/ns/project-private/1">
    <editor-bookmarks xmlns="http://www.netbeans.org/ns/editor-bookmarks/2" lastBookmarkId="0"/>
    <open-files xmlns="http://www.netbeans.org/ns/projectui-open-files/2">
        <group>
            <file>file:/C:/Users/arwaa/Desktop/java2%20Proj/HotelManagementSystem/src/hotelmanagementsystem/StandardRoom.java</file>
            <file>file:/C:/Users/arwaa/Desktop/java2%20Proj/HotelManagementSystem/src/hotelmanagementsystem/HotelManagementSystem.java</file>
            <file>file:/C:/Users/arwaa/Desktop/java2%20Proj/HotelManagementSystem/src/hotelmanagementsystem/Guest.java</file>
            <file>file:/C:/Users/arwaa/Desktop/java2%20Proj/HotelManagementSystem/src/hotelmanagementsystem/Reservation.java</file>
            <file>file:/C:/Users/arwaa/Desktop/java2%20Proj/HotelManagementSystem/src/hotelmanagementsystem/Room.java</file>
            <file>file:/C:/Users/arwaa/Desktop/java2%20Proj/HotelManagementSystem/src/hotelmanagementsystem/LuxuryRoom.java</file>
            <file>file:/C:/Users/arwaa/Desktop/java2%20Proj/HotelManagementSystem/src/hotelmanagementsystem/Hotel.java</file>
        </group>
    </open-files>
</project-private>
